{"sceneName":"Level 1","position":{"x":95.79945373535156,"y":7.3939528465271,"z":0.0}}