{"sceneName":"Level 2","position":{"x":57.90815353393555,"y":-1.346500039100647,"z":0.0}}