{"sceneName":"Level 1","position":{"x":95.85072326660156,"y":7.3939528465271,"z":0.0}}